Model,Filter,Accuracy,BalancedAccuracy,F1Up,ROCAUC,TrainingSeconds
LSTM baseline,vanilla,0.4897959183673469,0.525462962962963,0.2753623188405797,0.5716540404040403,2.0654131
HybridQNN1,vanilla,0.5510204081632653,0.5,0.7105263157894737,0.4394465488215488,33.9695124
HybridQNN2,vanilla,0.5153061224489796,0.5328282828282829,0.4508670520231214,0.5316708754208754,51.0590294
LSTM baseline,savgol,0.4846938775510204,0.4987373737373737,0.43575418994413406,0.5003156565656566,0.643576199999984
HybridQNN1,savgol,0.5510204081632653,0.5,0.7105263157894737,0.4614372895622896,36.67655379999999
HybridQNN2,savgol,0.4744897959183674,0.5178872053872055,0.16260162601626016,0.46306818181818177,40.35274330000004
LSTM baseline,rolling,0.4744897959183674,0.5115740740740741,0.23703703703703705,0.5837542087542087,0.9310522000000105
HybridQNN1,rolling,0.5510204081632653,0.5,0.7105263157894737,0.5633417508417509,22.476070200000038
HybridQNN2,rolling,0.5510204081632653,0.5,0.7105263157894737,0.5637626262626262,26.348510799999985
