Model,Filter,RMSE,MAE,R2,TrainingSeconds
LSTM baseline,vanilla,14.599408777148984,10.943541001300423,0.753037207536702,1.9669141000000003
HybridQNN1,vanilla,51.237171136130826,42.107039704614756,-2.0418043542243014,22.6664806
HybridQNN2,vanilla,22.23562169665953,16.24709818314533,0.42712543195744324,83.26797239999999
LSTM baseline,savgol,13.065148463566077,10.290992736816406,0.802216668563305,1.9384284999999863
HybridQNN1,savgol,51.212803445162635,42.0293133794045,-2.038911761943881,30.85285300000001
HybridQNN2,savgol,16.28041152196133,12.54815401349749,0.6928915639361779,78.51759849999996
LSTM baseline,rolling,18.582165083289134,14.041724068777901,0.5999137577197555,0.8763490000000047
HybridQNN1,rolling,50.069901691686084,40.88271783322704,-1.904788168390902,28.44528009999999
HybridQNN2,rolling,21.679249670481656,16.202979418696188,0.45543530296535906,78.16204879999998
